<?xml version="1.0" encoding="utf-8"?>
<!-- $Id: helloworld.xml 14 2009-11-02 18:35:20Z chdemko $ -->
<extension type="component" version="3.0" method="upgrade">

	<name>COM_HELLOWORLD</name>
	<creationDate>November 2009</creationDate>
	<author>John Doe</author>
	<authorEmail>john.doe@example.org</authorEmail>
	<authorUrl>http://www.example.org</authorUrl>
	<copyright>Copyright Info</copyright>
	<license>License Info</license>
	<version>0.0.8</version>
	<description>COM_HELLOWORLD_DESCRIPTION</description>
	<install> <!-- Runs on install -->
		<sql>
			<file driver="mysql" charset="utf8">sql/install.mysql.utf8.sql</file>
		</sql>
	</install>
	<uninstall> <!-- Runs on uninstall -->
		<sql>
			<file driver="mysql" charset="utf8">sql/uninstall.mysql.utf8.sql</file>
		</sql>
	</uninstall>
	<update> <!-- Runs on update; New in 1.6 -->
		<schemas>
			<schemapath type="mysql">sql/updates/mysql</schemapath>
		</schemas>
	</update>
	
	
	
	<administration>
		<menu>COM_HELLOWORLD_MENU</menu>
		<files folder="admin">
			<filename>index.html</filename>
			<filename>helloworld.php</filename>
			<filename>controller.php</filename>
			<folder>sql</folder>
			<folder>tables</folder>
			<folder>models</folder>
			<folder>views</folder>
			<folder>controllers</folder>
		</files>
		<languages folder="admin">
			<language tag="en-GB">language/en-GB/en-GB.com_helloworld.ini</language>
			<language tag="en-GB">language/en-GB/en-GB.com_helloworld.sys.ini</language>
		</languages>
	</administration>
</extension>

