<?xml version="1.0" encoding="utf-8"?>
<!-- $Id: helloworld.xml 14 2009-11-02 18:35:20Z chdemko $ -->
<extension type="component" version="3.0" method="upgrade">

	<name>COM_HELLOWORLD</name>
	<creationDate>November 2009</creationDate>
	<author>John Doe</author>
	<authorEmail>john.doe@example.org</authorEmail>
	<authorUrl>http://www.example.org</authorUrl>
	<copyright>Copyright Info</copyright>
	<license>License Info</license>
	<version>0.0.1</version>
	<description>COM_HELLOWORLD_DESCRIPTION</description>
	
	<administration>
		<menu>COM_HELLOWORLD_MENU</menu>
		<files folder="admin">
			<filename>index.html</filename>
			<filename>helloworld.php</filename>
		</files>
	</administration>
</extension>

